{"Run Hand Graph": [148.1490135192871, 86.99965476989746, 115.56386947631836, 4.899263381958008, 10.740518569946289, 59.020280838012695, 2.789735794067383, 2.670764923095703, 0.9057521820068359, 2.115011215209961, 2.7534961700439453, 2.3818016052246094, 2.2253990173339844, 1.817941665649414, 7.141351699829102, 0.9565353393554688, 2.274036407470703, 6.683826446533203, 1.9233226776123047, 1.7535686492919922, 3.338336944580078, 4.422664642333984, 1.6987323760986328, 7.397890090942383, 2.8617382049560547, 2.0558834075927734, 1.909494400024414, 1.8570423126220703, 1.6148090362548828, 1.7268657684326172, 2.9048919677734375, 1.3000965118408203, 2.714395523071289, 3.1447410583496094, 2.2466182708740234, 1.8193721771240234, 3.0205249786376953, 1.4731884002685547, 1.5692710876464844, 3.6482810974121094, 11.65771484375, 2.5467872619628906, 2.115964889526367, 11.60883903503418, 3.082752227783203, 2.7701854705810547, 2.262115478515625, 2.7685165405273438, 2.000093460083008, 2.8874874114990234, 1.9812583923339844, 1.7931461334228516, 1.9173622131347656, 2.7954578399658203, 1.110076904296875, 2.2776126861572266, 1.627206802368164, 3.6296844482421875, 1.8193721771240234, 1.4941692352294922, 1.9478797912597656, 2.714872360229492, 2.763509750366211, 2.3469924926757812, 1.4121532440185547, 2.6443004608154297, 2.7174949645996094, 2.1965503692626953, 9.978532791137695, 1.9698143005371094, 2.5806427001953125, 2.122640609741211, 2.6612281799316406, 1.7385482788085938, 1.5912055969238281, 3.2875537872314453, 3.2012462615966797, 1.9423961639404297, 1.463174819946289, 3.959178924560547, 7.31348991394043, 7.891178131103516, 1.409769058227539, 3.129243850708008, 3.037691116333008, 1.3391971588134766, 1.6055107116699219, 2.1500587463378906, 2.531766891479492, 4.486560821533203, 2.323627471923828, 2.0530223846435547, 3.6873817443847656, 1.5499591827392578, 3.50189208984375, 1.2714862823486328, 3.464937210083008, 1.6074180603027344, 2.881288528442383, 1.8382072448730469, 1.7786026000976562, 0.7865428924560547, 1.7647743225097656, 2.7501583099365234, 4.228115081787109, 2.362966537475586, 1.912832260131836, 0.8287429809570312, 2.1212100982666016, 1.5897750854492188, 2.2249221801757812, 2.4025440216064453, 1.5382766723632812, 1.7914772033691406], "Run Hand Other": [1.4965534210205078, 0.04220008850097656, 7.717609405517578, 6.600618362426758, 0.054836273193359375, 21.3620662689209, 18.938779830932617, 31.185626983642578, 0.047206878662109375, 20.96414566040039, 14.08243179321289, 33.54644775390625, 26.31521224975586, 38.89918327331543, 10.329008102416992, 20.49851417541504, 16.247034072875977, 16.512393951416016, 15.597105026245117, 18.794536590576172, 28.25331687927246, 24.24764633178711, 18.177509307861328, 17.33255386352539, 29.352664947509766, 21.861791610717773, 0.028371810913085938, 2.5453567504882812, 14.744043350219727, 2.082347869873047, 25.476455688476562, 12.374401092529297, 13.467550277709961, 6.646156311035156, 13.873815536499023, 3.2775402069091797, 2.449512481689453, 2.6705265045166016, 23.28634262084961, 0.0438690185546875, 6.684541702270508, 11.1236572265625, 3.4456253051757812, 26.008129119873047, 40.30036926269531, 29.470443725585938, 37.06002235412598, 17.434120178222656, 24.698734283447266, 20.650148391723633, 6.619453430175781, 9.696483612060547, 2.6483535766601562, 18.77593994140625, 16.37887954711914, 26.628494262695312, 16.42894744873047, 10.346412658691406, 0.032901763916015625, 10.67662239074707, 0.03838539123535156, 17.091035842895508, 2.1970272064208984, 2.5284290313720703, 22.304773330688477, 21.18992805480957, 19.05965805053711, 25.31909942626953, 23.05459976196289, 28.24115753173828, 30.253171920776367, 32.69767761230469, 4.426717758178711, 48.93684387207031, 41.916847229003906, 32.55629539489746, 36.48877143859863, 14.444112777709961, 41.25690460205078, 38.05255889892578, 32.52220153808594, 33.72764587402344, 24.9941349029541, 24.374723434448242, 24.791479110717773, 21.134376525878906, 28.6867618560791, 20.562171936035156, 21.172523498535156, 16.080856323242188, 24.1091251373291, 28.006315231323242, 11.35396957397461, 4.391193389892578, 1.1265277862548828, 3.426790237426758, 1.8661022186279297, 0.04839897155761719, 0.0324249267578125, 0.08368492126464844, 9.306669235229492, 0.04076957702636719, 0.04696846008300781, 0.04458427429199219, 0.04649162292480469, 0.030994415283203125, 0.0591278076171875, 0.04315376281738281, 0.040531158447265625, 0.04553794860839844, 0.045299530029296875, 0.04506111145019531, 0.052928924560546875, 0.05364418029785156], "Process Body Graph": [222.06521034240723, 86.67612075805664, 153.24807167053223, 3.7305355072021484, 66.74575805664062, 1.268625259399414, 1.7480850219726562, 2.891063690185547, 2.605915069580078, 1.7023086547851562, 1.7423629760742188, 1.9979476928710938, 3.3826828002929688, 1.7058849334716797, 8.494377136230469, 1.7704963684082031, 1.9564628601074219, 11.499166488647461, 1.356363296508789, 2.9060840606689453, 1.2335777282714844, 2.8657913208007812, 2.55584716796875, 7.4634552001953125, 2.7430057525634766, 1.4004707336425781, 1.5625953674316406, 1.176595687866211, 1.3513565063476562, 1.1029243469238281, 1.708984375, 1.2509822845458984, 1.3997554779052734, 1.3637542724609375, 1.3251304626464844, 1.4641284942626953, 1.758575439453125, 0.9858608245849609, 1.2264251708984375, 1.8548965454101562, 2.265453338623047, 1.4581680297851562, 1.7964839935302734, 8.356571197509766, 1.1761188507080078, 2.3119449615478516, 1.9817352294921875, 2.6378631591796875, 1.4722347259521484, 1.7101764678955078, 3.3431053161621094, 2.4597644805908203, 1.2035369873046875, 1.2829303741455078, 7.164955139160156, 0.9970664978027344, 1.3620853424072266, 3.3135414123535156, 2.0897388458251953, 1.4004707336425781, 1.7123222351074219, 1.4743804931640625, 1.3725757598876953, 1.0416507720947266, 1.0535717010498047, 1.3811588287353516, 1.5559196472167969, 2.1486282348632812, 1.4729499816894531, 2.5489330291748047, 1.7120838165283203, 1.8818378448486328, 3.1042098999023438, 2.2983551025390625, 1.2714862823486328, 1.1341571807861328, 0.9028911590576172, 2.526521682739258, 2.0754337310791016, 1.6486644744873047, 6.946086883544922, 6.908893585205078, 2.379179000854492, 1.272439956665039, 1.3153553009033203, 1.2960433959960938, 1.5232563018798828, 1.8744468688964844, 0.7042884826660156, 2.0291805267333984, 2.252817153930664, 1.2390613555908203, 1.1260509490966797, 1.3921260833740234, 2.1147727966308594, 1.9993782043457031, 1.8067359924316406, 1.547098159790039, 1.6570091247558594, 1.85394287109375, 1.2340545654296875, 0.7989406585693359, 1.7609596252441406, 1.6145706176757812, 2.6891231536865234, 1.2197494506835938, 1.8427371978759766, 0.6818771362304688, 1.8241405487060547, 1.5506744384765625, 2.106904983520508, 1.1632442474365234, 1.8854141235351562, 2.2840499877929688],